instance_id,verdict,note
django__django-12273,,
pydata__xarray-4695,,
scikit-learn__scikit-learn-14894,,
django__django-11880,,
pytest-dev__pytest-10081,,
pydata__xarray-4075,,
django__django-12708,,
scikit-learn__scikit-learn-12682,,
django__django-12193,,
pytest-dev__pytest-7236,,
scikit-learn__scikit-learn-10844,,
django__django-14434,,
scikit-learn__scikit-learn-14141,,
sympy__sympy-16597,,
pytest-dev__pytest-10356,,
sympy__sympy-20428,,
sympy__sympy-13372,,
django__django-12858,,
django__django-13449,,
django__django-12325,,
astropy__astropy-12907,,
astropy__astropy-14309,,
sympy__sympy-12419,,
sympy__sympy-13647,,
django__django-10914,,
django__django-13297,,
scikit-learn__scikit-learn-13779,,
scikit-learn__scikit-learn-15100,,
django__django-12125,,
django__django-14349,,
